inst_name,ror_id,inst_first_seen,inst_last_seen,esac_id
Advanced Research Center for Nanolithography,https://ror.org/04xe7ws48,2026-05-20,NA,eme2025ukb
Aeres University of Applied Sciences Wageningen,https://ror.org/03jnx2c74,2026-05-20,NA,eme2025ukb
Amsterdam University Medical Centres,https://ror.org/05grdyy37,2026-05-20,NA,eme2025ukb
Amsterdam University of Applied Sciences,https://ror.org/00y2z2s03,2026-05-20,NA,eme2025ukb
Avans University of Applied Science,https://ror.org/015d5s513,2026-05-20,NA,eme2025ukb
Breda University of Applied Sciences,https://ror.org/04mfj5474,2026-05-20,NA,eme2025ukb
Christian University of Applied Science Ede,https://ror.org/04tj5wz42,2026-05-20,NA,eme2025ukb
Data Archiving and Networked Services,https://ror.org/008pnp284,2026-05-20,NA,eme2025ukb
Dutch Institute for Fundamental Energy Research,https://ror.org/03w5dn804,2026-05-20,NA,eme2025ukb
Dutch Research Council,https://ror.org/04jsz6e67,2026-05-20,NA,eme2025ukb
Erasmus MC,https://ror.org/018906e22,2026-05-20,NA,eme2025ukb
Erasmus Universiteit Rotterdam,https://ror.org/057w15z03,2026-05-20,NA,eme2025ukb
Fontys University of Applied Sciences,https://ror.org/01jwcme05,2026-05-20,NA,eme2025ukb
Frisian Academy,https://ror.org/05fcmfe52,2026-05-20,NA,eme2025ukb
Hague University of Applied Sciences,https://ror.org/021zvq422,2026-05-20,NA,eme2025ukb
HAN University of Applied Sciences,https://ror.org/0500gea42,2026-05-20,NA,eme2025ukb
Hanze University of Applied Sciences,https://ror.org/00xqtxw43,2026-05-20,NA,eme2025ukb
HAS University of Applied Sciences,https://ror.org/05p706d77,2026-05-20,NA,eme2025ukb
Hogeschool KPZ,NA,2026-05-20,NA,eme2025ukb
Hotelschool The Hague,https://ror.org/018t8yw14,2026-05-20,NA,eme2025ukb
Hubrecht Laboratory,https://ror.org/023qc4a07,2026-05-20,NA,eme2025ukb
Huygens ING,https://ror.org/04x6kq749,2026-05-20,NA,eme2025ukb
HZ University of Applied Sciences,https://ror.org/047cqa323,2026-05-20,NA,eme2025ukb
Inholland University of Applied Sciences,https://ror.org/03cfsyg37,2026-05-20,NA,eme2025ukb
Institute for Atomic and Molecular Physics,https://ror.org/038x9td67,2026-05-20,NA,eme2025ukb
International Institute of Social History,https://ror.org/05dq4pp56,2026-05-20,NA,eme2025ukb
KNAW Humanities Cluster,NA,2026-05-20,NA,eme2025ukb
Leids Universitair Medisch Centrum,https://ror.org/05xvt9f17,2026-05-20,NA,eme2025ukb
Maastricht Universitair Medisch Centrum+,https://ror.org/02d9ce178,2026-05-20,NA,eme2025ukb
Maastricht University,https://ror.org/02jz4aj89,2026-05-20,NA,eme2025ukb
Meertens Institute,https://ror.org/05kaxyq51,2026-05-20,NA,eme2025ukb
National Institute for subatomic physics,https://ror.org/00f9tz983,2026-05-20,NA,eme2025ukb
National Research Institute for Mathematics and Computer Science,https://ror.org/00x7ekv49,2026-05-20,NA,eme2025ukb
Netherlands Institute for Advanced Study in the Humanities and Social Sciences,https://ror.org/04z3wz653,2026-05-20,NA,eme2025ukb
Netherlands Institute for Neuroscience,https://ror.org/05csn2x06,2026-05-20,NA,eme2025ukb
Netherlands Institute for Radio Astronomy,https://ror.org/000k1q888,2026-05-20,NA,eme2025ukb
Netherlands Institute for the Study of Crime and Law Enforcement,https://ror.org/03124pm05,2026-05-20,NA,eme2025ukb
Netherlands Institute of Ecology,https://ror.org/01g25jp36,2026-05-20,NA,eme2025ukb
Netherlands Interdisciplinary Demographic Institute,https://ror.org/04kf5kc54,2026-05-20,NA,eme2025ukb
Netherlands Organisation for Scientific Research,https://ror.org/04jsz6e67,2026-05-20,NA,eme2025ukb
NHL Stenden University,https://ror.org/02xgxme97,2026-05-20,NA,eme2025ukb
NIOD-Institute for War Holocaust and Genocide Studies,https://ror.org/05he87q93,2026-05-20,NA,eme2025ukb
Open Universiteit,https://ror.org/018dfmf50,2026-05-20,NA,eme2025ukb
Radboud UMC,https://ror.org/05wg1m734,2026-05-20,NA,eme2025ukb
Radboud Universiteit,https://ror.org/016xsfp80,2026-05-20,NA,eme2025ukb
Rathenau Institute,https://ror.org/04crnd335,2026-05-20,NA,eme2025ukb
Rijksuniversiteit Groningen,https://ror.org/012p63287,2026-05-20,NA,eme2025ukb
Rotterdam University of Applied Sciences,https://ror.org/0481e1q24,2026-05-20,NA,eme2025ukb
Royal Netherlands Academy of Arts and Sciences,https://ror.org/043c0p156,2026-05-20,NA,eme2025ukb
Royal Netherlands Institute for Sea Research,https://ror.org/01gntjh03,2026-05-20,NA,eme2025ukb
Royal Netherlands Institute of Southeast Asian and Caribbean Studies,https://ror.org/01bdv4312,2026-05-20,NA,eme2025ukb
Saxion Universities of Professional Education,https://ror.org/005t9n460,2026-05-20,NA,eme2025ukb
SRON Netherlands Institute for Space Research,https://ror.org/02wc0kq10,2026-05-20,NA,eme2025ukb
Technische Universiteit Delft,https://ror.org/02e2c7k09,2026-05-20,NA,eme2025ukb
Technische Universiteit Eindhoven,https://ror.org/02c2kyt77,2026-05-20,NA,eme2025ukb
Tilburg University,https://ror.org/04b8v1s79,2026-05-20,NA,eme2025ukb
Universitair Medisch Centrum Groningen,https://ror.org/03cv38k47,2026-05-20,NA,eme2025ukb
Universitair Medisch Centrum Utrecht,https://ror.org/0575yy874,2026-05-20,NA,eme2025ukb
Universiteit Leiden,https://ror.org/027bh9e22,2026-05-20,NA,eme2025ukb
Universiteit Twente,https://ror.org/006hf6230,2026-05-20,NA,eme2025ukb
Universiteit Utrecht,https://ror.org/04pp8hn57,2026-05-20,NA,eme2025ukb
Universiteit van Amsterdam,https://ror.org/04dkp9463,2026-05-20,NA,eme2025ukb
University of Applied Sciences Leiden,https://ror.org/0093src13,2026-05-20,NA,eme2025ukb
University of Applied Sciences Utrecht,https://ror.org/028z9kw20,2026-05-20,NA,eme2025ukb
Van Hall Larenstein University of Applied Sciences,https://ror.org/02mdbnd10,2026-05-20,NA,eme2025ukb
Viaa Christian University of Applied Sciences,https://ror.org/02ar29j81,2026-05-20,NA,eme2025ukb
Vrije Universiteit Amsterdam,https://ror.org/008xxew50,2026-05-20,NA,eme2025ukb
Wageningen University and Research,https://ror.org/04qw24q55,2026-05-20,NA,eme2025ukb
Westerdijk Fungal Biodiversity Institute,https://ror.org/030a5r161,2026-05-20,NA,eme2025ukb
Windesheim University of Applied Sciences,https://ror.org/04zmc0e16,2026-05-20,NA,eme2025ukb
Zuyd University of Applied Sciences,https://ror.org/02m6k0m40,2026-05-20,NA,eme2025ukb
Atlantic Technological University,https://ror.org/0458dap48,2026-05-04,NA,eme2024ie
Dublin City University,https://ror.org/04a1a1e81,2026-05-04,NA,eme2024ie
Dundalk Institute of Technology,https://ror.org/01800zd49,2026-05-04,NA,eme2024ie
"Institute of Art, Design + Technology",https://ror.org/02dk7c653,2026-05-04,NA,eme2024ie
Mary Immaculate College,https://ror.org/009q3yg92,2026-05-04,NA,eme2024ie
Maynooth University,https://ror.org/048nfjm95,2026-05-04,NA,eme2024ie
Munster Technological University,https://ror.org/013xpqh61,2026-05-04,NA,eme2024ie
Royal College Surgeons In Ireland,https://ror.org/01hxy9878,2026-05-04,NA,eme2024ie
South East Technological University,https://ror.org/03fgx6868,2026-05-04,NA,eme2024ie
Technological University Dublin,https://ror.org/04t0qbt32,2026-05-04,NA,eme2024ie
Technological University of the Shannon: Midlands Midwest,https://ror.org/04efm0253,2026-05-04,NA,eme2024ie
Trinity College Dublin,https://ror.org/02tyrky19,2026-05-04,NA,eme2024ie
University College Cork,https://ror.org/03265fv13,2026-05-04,NA,eme2024ie
University College Dublin,https://ror.org/05m7pjf47,2026-05-04,NA,eme2024ie
University of Galway,https://ror.org/03bea9k73,2026-05-04,NA,eme2024ie
University Of Limerick,https://ror.org/00a0n9e72,2026-05-04,NA,eme2024ie
University of Ljubljana,https://ror.org/05njb9z20,2026-05-04,NA,iop2025slov
Universitat Autonoma de Barcelona,https://ror.org/052g8jq94,2026-05-04,NA,jbp2025uab
University of Helsinki,https://ror.org/040af2s02,2026-05-04,NA,lww2025finelib
Helsinki University Central Hospital,https://ror.org/02e8hzf44,2026-05-04,NA,lww2025finelib
University  of Eastern Finland,https://ror.org/00cyydd11,2026-05-04,NA,lww2025finelib
Kuopio University Hospital,https://ror.org/00fqdfs68,2026-05-04,NA,lww2025finelib
University of Oulu,https://ror.org/03yj89h83,2026-05-04,NA,lww2025finelib
Oulu University Hospital,https://ror.org/045ney286,2026-05-04,NA,lww2025finelib
Tampere University,https://ror.org/033003e23,2026-05-04,NA,lww2025finelib
Tampere University Hospital,https://ror.org/02hvt5f17,2026-05-04,NA,lww2025finelib
University of Turku,https://ror.org/05vghhr25,2026-05-04,NA,lww2025finelib
Turku University Hospital,https://ror.org/05dbzj528,2026-05-04,NA,lww2025finelib
Tampere University of Applied Sciences,https://ror.org/00bwtjf83,2026-05-04,NA,lww2025finelib
Vanderbilt University,https://ror.org/02vm5rt34,2026-05-04,NA,lww2025vanderbilt
Karolinska Institute,https://ror.org/056d84691,2026-05-04,NA,microbio2025bibsam
Lund University,https://ror.org/012a77v79,2026-05-04,NA,microbio2025bibsam
Stockholm University,https://ror.org/05f0yaq80,2026-05-04,NA,microbio2025bibsam
Swedish University of Agricultural Sciences,https://ror.org/02yy8x990,2026-05-04,NA,microbio2025bibsam
Umeå University,https://ror.org/05kb8h459,2026-05-04,NA,microbio2025bibsam
University of Gothenburg,https://ror.org/01tm6cn81,2026-05-04,NA,microbio2025bibsam
Uppsala University,https://ror.org/048a87296,2026-05-04,NA,microbio2025bibsam
Max Plank Society,https://ror.org/01hhn8329,2026-05-04,NA,nas2023mpdl
Vanderbilt University,https://ror.org/02vm5rt34,2026-05-04,NA,oxf2024vanderbilt
